JobName,AVG_CPU_freq_MHz
daa-local-nc16_gl5-41.cfg,1836.4037351546624
daa-local-nc16_gl5-42.cfg,1574.080739052953
daa-local-nc32_gl5-43.cfg,2270.5473715755934
