JobName,AVG_CPU_freq_MHz
daa-local-nc16_ss2-12.cfg,2885.124037333736
daa-local-nc16_ss2-13.cfg,2864.0368935100682
daa-local-nc32_ss2-12.cfg,2612.678210453457
