JobName,power_energy_pkg,power_energy_ram,perf_elapsed
daa-local-nc16_ss2-11.cfg,2227111.75,208313.77,21681.714533817
daa-local-nc16_ss2-12.cfg,2212631.69,206859.74,21419.878901049
daa-local-nc16_ss2-13.cfg,2214298.1,208009.41,21468.017303523
daa-local-nc32_ss2-11.cfg,1938673.45,167987.56,17035.742910617
daa-local-nc32_ss2-12.cfg,1927916.72,166618.12,16990.771595865
daa-local-nc32_ss2-13.cfg,1939504.59,168686.12,17137.105645781
