JobName,power_energy_pkg,power_energy_ram,perf_elapsed
daa-local-nc4_gl5-32.cfg,5001768.76,451293.09,65062.053712153
daa-local-nc4_gl5-35.cfg,4976539.42,448293.87,64589.575283892
daa-local-nc4_gl5-38.cfg,920.01,52.64,20.976120571
daa-local-nc8_gl5-35.cfg,3201729.73,259832.05,37362.167348236
daa-local-nc8_gl5-38.cfg,3170530.78,257857.42,36980.988711053
dpp-local-nc4_gl5-36.cfg,326774.23,30665.46,4561.422457051
dpp-local-nc8_gl5-37.cfg,212996.0,17568.28,2611.023266486
dpp-local-nc8_gl5-38.cfg,211617.75,17395.84,2559.593216744
