JobName,power_energy_pkg,power_energy_ram,perf_elapsed
dpp-local-nc4_gl6-35.cfg,327779.49,47220.91,4368.262895246
dpp-local-nc4_gl6-40.cfg,328096.05,47265.48,4371.820364973
daa-local-nc4_gl6-33.cfg,4882567.17,676273.13,62140.212258304
daa-local-nc16_gl6-34.cfg,2260139.49,238200.01,21199.73193642
